Workbook

Sheet อ่านก่อนใช้
B1: ไฟล์คำนวณสถิติ — แบบประเมินความพึงพอใจระบบ SCI Advisor
B3: ไฟล์นี้ใช้ทำอะไร
B4: คำนวณค่าเฉลี่ย ส่วนเบี่ยงเบนมาตรฐาน การแปลผล และค่าความเชื่อมั่น Cronbach's Alpha
B5: จากคำตอบแบบสอบถามความพึงพอใจ 16 ข้อ (มาตราประมาณค่า 5 ระดับ) โดยอัตโนมัติ
B7: ต้องกรอกอะไรบ้าง — กรอกเฉพาะช่องพื้นสีเหลืองเท่านั้น
B8: แท็บ ข้อมูลดิบ : วางคำตอบ 16 ข้อ เริ่มที่เซลล์ B3 (แถวละ 1 คน) รองรับสูงสุด 60 คน
B9: แท็บ IOC : กรอกคะแนนผู้เชี่ยวชาญ 3 ท่าน (+1 / 0 / -1) ในช่อง C ถึง E
B11: ผลลัพธ์อยู่ที่ไหน
B12: แท็บ ผลรายข้อ : ค่าเฉลี่ยและ S.D. รายข้อทั้ง 16 ข้อ พร้อมการแปลผล ใช้ในบทที่ 4
B13: แท็บ ผลรายด้าน : ค่าเฉลี่ยรวมรายด้านและภาพรวม ใช้ในบทที่ 4 ตารางสรุป
B14: แท็บ Cronbach : ค่าความเชื่อมั่นของแบบสอบถามทั้งฉบับ
B15: แท็บ IOC : ค่าดัชนีความสอดคล้องรายข้อ ใช้ในบทที่ 4 และภาคผนวก ข
... B29: ถ้าค่าต่ำกว่าเกณฑ์ ให้อภิปรายสาเหตุในบทที่ 5 เช่น จำนวนผู้ตอบยังน้อย

Sheet ข้อมูลดิบ
A1: กรอกคำตอบตรงนี้ — ช่องพื้นสีเหลือง แถวละ 1 คน ค่าที่กรอกได้คือ 1 ถึง 5 เท่านั้น
A2: คนที่ | B2: ข้อ 1 | C2: ข้อ 2 | D2: ข้อ 3 | E2: ข้อ 4 | F2: ข้อ 5 | G2: ข้อ 6 | H2: ข้อ 7 | I2: ข้อ 8 | J2: ข้อ 9 | K2: ข้อ 10 | L2: ข้อ 11 | M2: ข้อ 12 | N2: ข้อ 13 | O2: ข้อ 14 | P2: ข้อ 15 | Q2: ข้อ 16 | R2: รวม
A3: 1 | R3: =IF(COUNT(B3:Q3)=0,"",SUM(B3:Q3))
A4: 2 | R4: =IF(COUNT(B4:Q4)=0,"",SUM(B4:Q4))
A5: 3 | R5: =IF(COUNT(B5:Q5)=0,"",SUM(B5:Q5))
A6: 4 | R6: =IF(COUNT(B6:Q6)=0,"",SUM(B6:Q6))
A7: 5 | R7: =IF(COUNT(B7:Q7)=0,"",SUM(B7:Q7))
A8: 6 | R8: =IF(COUNT(B8:Q8)=0,"",SUM(B8:Q8))
A9: 7 | R9: =IF(COUNT(B9:Q9)=0,"",SUM(B9:Q9))
A10: 8 | R10: =IF(COUNT(B10:Q10)=0,"",SUM(B10:Q10))
A11: 9 | R11: =IF(COUNT(B11:Q11)=0,"",SUM(B11:Q11))
A12: 10 | R12: =IF(COUNT(B12:Q12)=0,"",SUM(B12:Q12))
A13: 11 | R13: =IF(COUNT(B13:Q13)=0,"",SUM(B13:Q13))
A14: 12 | R14: =IF(COUNT(B14:Q14)=0,"",SUM(B14:Q14))
... A62: 60 | R62: =IF(COUNT(B62:Q62)=0,"",SUM(B62:Q62))
A64: จำนวนผู้ตอบ (n) | B64: =COUNT(B3:B62)
A66: ตัวอย่าง | B66: ตัวอย่างการกรอก: คนที่ 1 ตอบข้อ 1 = 5, ข้อ 2 = 4, ข้อ 3 = 5 ให้พิมพ์ 5 ลงช่อง B3, 4 ลงช่อง C3, 5 ลงช่อง D3 ตามลำดับ

Sheet ผลรายข้อ
A1: ตารางที่ 4.x ค่าเฉลี่ยและส่วนเบี่ยงเบนมาตรฐานของความพึงพอใจ จำแนกรายข้อ
A2: ข้อที่ | B2: รายการประเมิน | C2: ค่าเฉลี่ย | D2: S.D. | E2: แปลผล | F2: ลำดับ
A3: 1 | B3: ระบบตอบคำถามเกี่ยวกับหลักสูตรได้ตรงกับสิ่งที่ท่านถาม | C3: =IF(COUNT(ข้อมูลดิบ!B3:B62)=0,"",AVERAGE(ข้อมูลดิบ!B3:B62)) | D3: =IF(COUNT(ข้อมูลดิบ!B3:B62)<2,"",STDEV(ข้อมูลดิบ!B3:B62)) | E3: =IF(C3="","",IF(C3>=4.51,"มากที่สุด",IF(C3>=3.51,"มาก",IF(C3>=2.51,"ปานกลาง",IF(C3>=1.51,"น้อย","น้อยที่สุด"))))) | F3: =IF(C3="","",RANK(C3,$C$3:$C$18))
A4: 2 | B4: ข้อมูลที่ระบบตอบมีความถูกต้องและน่าเชื่อถือ | C4: =IF(COUNT(ข้อมูลดิบ!C3:C62)=0,"",AVERAGE(ข้อมูลดิบ!C3:C62)) | D4: =IF(COUNT(ข้อมูลดิบ!C3:C62)<2,"",STDEV(ข้อมูลดิบ!C3:C62)) | E4: =IF(C4="","",IF(C4>=4.51,"มากที่สุด",IF(C4>=3.51,"มาก",IF(C4>=2.51,"ปานกลาง",IF(C4>=1.51,"น้อย","น้อยที่สุด"))))) | F4: =IF(C4="","",RANK(C4,$C$3:$C$18))
A5: 3 | B5: ระบบแสดงที่มาของคำตอบ (ชื่อเอกสารและเลขหน้า) ทำให้มั่นใจในข้อมูลมากขึ้น | C5: =IF(COUNT(ข้อมูลดิบ!D3:D62)=0,"",AVERAGE(ข้อมูลดิบ!D3:D62)) | D5: =IF(COUNT(ข้อมูลดิบ!D3:D62)<2,"",STDEV(ข้อมูลดิบ!D3:D62)) | E5: =IF(C5="","",IF(C5>=4.51,"มากที่สุด",IF(C5>=3.51,"มาก",IF(C5>=2.51,"ปานกลาง",IF(C5>=1.51,"น้อย","น้อยที่สุด"))))) | F5: =IF(C5="","",RANK(C5,$C$3:$C$18))
A6: 4 | B6: ระบบสนทนาต่อเนื่องได้ โดยจดจำเรื่องที่สนทนาก่อนหน้า | C6: =IF(COUNT(ข้อมูลดิบ!E3:E62)=0,"",AVERAGE(ข้อมูลดิบ!E3:E62)) | D6: =IF(COUNT(ข้อมูลดิบ!E3:E62)<2,"",STDEV(ข้อมูลดิบ!E3:E62)) | E6: =IF(C6="","",IF(C6>=4.51,"มากที่สุด",IF(C6>=3.51,"มาก",IF(C6>=2.51,"ปานกลาง",IF(C6>=1.51,"น้อย","น้อยที่สุด"))))) | F6: =IF(C6="","",RANK(C6,$C$3:$C$18))
A7: 5 | B7: ผลการแนะนำสาขาสอดคล้องกับความสนใจและความถนัดที่ระบุ | C7: =IF(COUNT(ข้อมูลดิบ!F3:F62)=0,"",AVERAGE(ข้อมูลดิบ!F3:F62)) | D7: =IF(COUNT(ข้อมูลดิบ!F3:F62)<2,"",STDEV(ข้อมูลดิบ!F3:F62)) | E7: =IF(C7="","",IF(C7>=4.51,"มากที่สุด",IF(C7>=3.51,"มาก",IF(C7>=2.51,"ปานกลาง",IF(C7>=1.51,"น้อย","น้อยที่สุด"))))) | F7: =IF(C7="","",RANK(C7,$C$3:$C$18))
A8: 6 | B8: ฟังก์ชันเปรียบเทียบสาขาช่วยให้เห็นความแตกต่างได้ชัดเจน | C8: =IF(COUNT(ข้อมูลดิบ!G3:G62)=0,"",AVERAGE(ข้อมูลดิบ!G3:G62)) | D8: =IF(COUNT(ข้อมูลดิบ!G3:G62)<2,"",STDEV(ข้อมูลดิบ!G3:G62)) | E8: =IF(C8="","",IF(C8>=4.51,"มากที่สุด",IF(C8>=3.51,"มาก",IF(C8>=2.51,"ปานกลาง",IF(C8>=1.51,"น้อย","น้อยที่สุด"))))) | F8: =IF(C8="","",RANK(C8,$C$3:$C$18))
A9: 7 | B9: หน้าจอของระบบใช้งานง่าย ไม่ซับซ้อน | C9: =IF(COUNT(ข้อมูลดิบ!H3:H62)=0,"",AVERAGE(ข้อมูลดิบ!H3:H62)) | D9: =IF(COUNT(ข้อมูลดิบ!H3:H62)<2,"",STDEV(ข้อมูลดิบ!H3:H62)) | E9: =IF(C9="","",IF(C9>=4.51,"มากที่สุด",IF(C9>=3.51,"มาก",IF(C9>=2.51,"ปานกลาง",IF(C9>=1.51,"น้อย","น้อยที่สุด"))))) | F9: =IF(C9="","",RANK(C9,$C$3:$C$18))
A10: 8 | B10: การจัดวางเมนูและปุ่มเข้าใจง่าย หาสิ่งที่ต้องการได้รวดเร็ว | C10: =IF(COUNT(ข้อมูลดิบ!I3:I62)=0,"",AVERAGE(ข้อมูลดิบ!I3:I62)) | D10: =IF(COUNT(ข้อมูลดิบ!I3:I62)<2,"",STDEV(ข้อมูลดิบ!I3:I62)) | E10: =IF(C10="","",IF(C10>=4.51,"มากที่สุด",IF(C10>=3.51,"มาก",IF(C10>=2.51,"ปานกลาง",IF(C10>=1.51,"น้อย","น้อยที่สุด"))))) | F10: =IF(C10="","",RANK(C10,$C$3:$C$18))
A11: 9 | B11: ขนาดตัวอักษร สี และภาพประกอบ อ่านง่ายและสบายตา | C11: =IF(COUNT(ข้อมูลดิบ!J3:J62)=0,"",AVERAGE(ข้อมูลดิบ!J3:J62)) | D11: =IF(COUNT(ข้อมูลดิบ!J3:J62)<2,"",STDEV(ข้อมูลดิบ!J3:J62)) | E11: =IF(C11="","",IF(C11>=4.51,"มากที่สุด",IF(C11>=3.51,"มาก",IF(C11>=2.51,"ปานกลาง",IF(C11>=1.51,"น้อย","น้อยที่สุด"))))) | F11: =IF(C11="","",RANK(C11,$C$3:$C$18))
A12: 10 | B12: ระบบตอบสนองรวดเร็ว ไม่ต้องรอนาน | C12: =IF(COUNT(ข้อมูลดิบ!K3:K62)=0,"",AVERAGE(ข้อมูลดิบ!K3:K62)) | D12: =IF(COUNT(ข้อมูลดิบ!K3:K62)<2,"",STDEV(ข้อมูลดิบ!K3:K62)) | E12: =IF(C12="","",IF(C12>=4.51,"มากที่สุด",IF(C12>=3.51,"มาก",IF(C12>=2.51,"ปานกลาง",IF(C12>=1.51,"น้อย","น้อยที่สุด"))))) | F12: =IF(C12="","",RANK(C12,$C$3:$C$18))
A13: 11 | B13: ใช้งานระบบได้ด้วยตนเองโดยไม่ต้องมีผู้แนะนำ | C13: =IF(COUNT(ข้อมูลดิบ!L3:L62)=0,"",AVERAGE(ข้อมูลดิบ!L3:L62)) | D13: =IF(COUNT(ข้อมูลดิบ!L3:L62)<2,"",STDEV(ข้อมูลดิบ!L3:L62)) | E13: =IF(C13="","",IF(C13>=4.51,"มากที่สุด",IF(C13>=3.51,"มาก",IF(C13>=2.51,"ปานกลาง",IF(C13>=1.51,"น้อย","น้อยที่สุด"))))) | F13: =IF(C13="","",RANK(C13,$C$3:$C$18))
A14: 12 | B14: เข้าถึงข้อมูลหลักสูตรได้สะดวกกว่าการค้นหาด้วยวิธีเดิม | C14: =IF(COUNT(ข้อมูลดิบ!M3:M62)=0,"",AVERAGE(ข้อมูลดิบ!M3:M62)) | D14: =IF(COUNT(ข้อมูลดิบ!M3:M62)<2,"",STDEV(ข้อมูลดิบ!M3:M62)) | E14: =IF(C14="","",IF(C14>=4.51,"มากที่สุด",IF(C14>=3.51,"มาก",IF(C14>=2.51,"ปานกลาง",IF(C14>=1.51,"น้อย","น้อยที่สุด"))))) | F14: =IF(C14="","",RANK(C14,$C$3:$C$18))
A15: 13 | B15: ช่วยลดเวลาในการหาข้อมูลเพื่อตัดสินใจเลือกสาขา | C15: =IF(COUNT(ข้อมูลดิบ!N3:N62)=0,"",AVERAGE(ข้อมูลดิบ!N3:N62)) | D15: =IF(COUNT(ข้อมูลดิบ!N3:N62)<2,"",STDEV(ข้อมูลดิบ!N3:N62)) | E15: =IF(C15="","",IF(C15>=4.51,"มากที่สุด",IF(C15>=3.51,"มาก",IF(C15>=2.51,"ปานกลาง",IF(C15>=1.51,"น้อย","น้อยที่สุด"))))) | F15: =IF(C15="","",RANK(C15,$C$3:$C$18))
A16: 14 | B16: ข้อมูลที่ได้รับช่วยให้เข้าใจหลักสูตรของคณะมากขึ้น | C16: =IF(COUNT(ข้อมูลดิบ!O3:O62)=0,"",AVERAGE(ข้อมูลดิบ!O3:O62)) | D16: =IF(COUNT(ข้อมูลดิบ!O3:O62)<2,"",STDEV(ข้อมูลดิบ!O3:O62)) | E16: =IF(C16="","",IF(C16>=4.51,"มากที่สุด",IF(C16>=3.51,"มาก",IF(C16>=2.51,"ปานกลาง",IF(C16>=1.51,"น้อย","น้อยที่สุด"))))) | F16: =IF(C16="","",RANK(C16,$C$3:$C$18))
A17: 15 | B17: จะแนะนำระบบนี้ให้ผู้อื่นที่กำลังเลือกสาขาใช้งาน | C17: =IF(COUNT(ข้อมูลดิบ!P3:P62)=0,"",AVERAGE(ข้อมูลดิบ!P3:P62)) | D17: =IF(COUNT(ข้อมูลดิบ!P3:P62)<2,"",STDEV(ข้อมูลดิบ!P3:P62)) | E17: =IF(C17="","",IF(C17>=4.51,"มากที่สุด",IF(C17>=3.51,"มาก",IF(C17>=2.51,"ปานกลาง",IF(C17>=1.51,"น้อย","น้อยที่สุด"))))) | F17: =IF(C17="","",RANK(C17,$C$3:$C$18))
A18: 16 | B18: โดยภาพรวม พึงพอใจต่อระบบ SCI Advisor | C18: =IF(COUNT(ข้อมูลดิบ!Q3:Q62)=0,"",AVERAGE(ข้อมูลดิบ!Q3:Q62)) | D18: =IF(COUNT(ข้อมูลดิบ!Q3:Q62)<2,"",STDEV(ข้อมูลดิบ!Q3:Q62)) | E18: =IF(C18="","",IF(C18>=4.51,"มากที่สุด",IF(C18>=3.51,"มาก",IF(C18>=2.51,"ปานกลาง",IF(C18>=1.51,"น้อย","น้อยที่สุด"))))) | F18: =IF(C18="","",RANK(C18,$C$3:$C$18))
B19: รวมเฉลี่ยทั้งฉบับ | C19: =IF(COUNT(C3:C18)=0,"",AVERAGE(C3:C18)) | D19: =IF(COUNT(D3:D18)=0,"",AVERAGE(D3:D18)) | E19: =IF(C19="","",IF(C19>=4.51,"มากที่สุด",IF(C19>=3.51,"มาก",IF(C19>=2.51,"ปานกลาง",IF(C19>=1.51,"น้อย","น้อยที่สุด")))))

Sheet ผลรายด้าน
A1: ตารางที่ 4.x ค่าเฉลี่ยและส่วนเบี่ยงเบนมาตรฐานของความพึงพอใจ จำแนกรายด้าน
A2: ด้านที่ | B2: รายการประเมิน | C2: ค่าเฉลี่ย | D2: S.D. | E2: แปลผล
A3: 1 | B3: ด้านที่ 1 ความสามารถในการทำงานของระบบ | C3: =IF(COUNT(ผลรายข้อ!C3:C8)=0,"",AVERAGE(ผลรายข้อ!C3:C8)) | D3: =IF(COUNT(ผลรายข้อ!D3:D8)=0,"",AVERAGE(ผลรายข้อ!D3:D8)) | E3: =IF(C3="","",IF(C3>=4.51,"มากที่สุด",IF(C3>=3.51,"มาก",IF(C3>=2.51,"ปานกลาง",IF(C3>=1.51,"น้อย","น้อยที่สุด")))))
A4: 2 | B4: ด้านที่ 2 ความง่ายในการใช้งานและการออกแบบส่วนติดต่อผู้ใช้ | C4: =IF(COUNT(ผลรายข้อ!C9:C13)=0,"",AVERAGE(ผลรายข้อ!C9:C13)) | D4: =IF(COUNT(ผลรายข้อ!D9:D13)=0,"",AVERAGE(ผลรายข้อ!D9:D13)) | E4: =IF(C4="","",IF(C4>=4.51,"มากที่สุด",IF(C4>=3.51,"มาก",IF(C4>=2.51,"ปานกลาง",IF(C4>=1.51,"น้อย","น้อยที่สุด")))))
A5: 3 | B5: ด้านที่ 3 ประโยชน์ที่ได้รับจากการใช้งาน | C5: =IF(COUNT(ผลรายข้อ!C14:C18)=0,"",AVERAGE(ผลรายข้อ!C14:C18)) | D5: =IF(COUNT(ผลรายข้อ!D14:D18)=0,"",AVERAGE(ผลรายข้อ!D14:D18)) | E5: =IF(C5="","",IF(C5>=4.51,"มากที่สุด",IF(C5>=3.51,"มาก",IF(C5>=2.51,"ปานกลาง",IF(C5>=1.51,"น้อย","น้อยที่สุด")))))
B6: ภาพรวมทั้งฉบับ | C6: =IF(COUNT(C3:C5)=0,"",AVERAGE(C3:C5)) | D6: =IF(COUNT(D3:D5)=0,"",AVERAGE(D3:D5)) | E6: =IF(C6="","",IF(C6>=4.51,"มากที่สุด",IF(C6>=3.51,"มาก",IF(C6>=2.51,"ปานกลาง",IF(C6>=1.51,"น้อย","น้อยที่สุด")))))
B8: จำนวนผู้ตอบแบบสอบถาม (n) | C8: =ข้อมูลดิบ!B64

Sheet Cronbach
A1: ค่าความเชื่อมั่นของแบบสอบถาม (Cronbach's Alpha)
B3: ความแปรปรวนรายข้อ | C3: ข้อที่ | D3: ความแปรปรวน
C4: 1 | D4: =IF(COUNT(ข้อมูลดิบ!B3:B62)<2,"",VAR(ข้อมูลดิบ!B3:B62))
C5: 2 | D5: =IF(COUNT(ข้อมูลดิบ!C3:C62)<2,"",VAR(ข้อมูลดิบ!C3:C62))
C6: 3 | D6: =IF(COUNT(ข้อมูลดิบ!D3:D62)<2,"",VAR(ข้อมูลดิบ!D3:D62))
C7: 4 | D7: =IF(COUNT(ข้อมูลดิบ!E3:E62)<2,"",VAR(ข้อมูลดิบ!E3:E62))
C8: 5 | D8: =IF(COUNT(ข้อมูลดิบ!F3:F62)<2,"",VAR(ข้อมูลดิบ!F3:F62))
C9: 6 | D9: =IF(COUNT(ข้อมูลดิบ!G3:G62)<2,"",VAR(ข้อมูลดิบ!G3:G62))
C10: 7 | D10: =IF(COUNT(ข้อมูลดิบ!H3:H62)<2,"",VAR(ข้อมูลดิบ!H3:H62))
C11: 8 | D11: =IF(COUNT(ข้อมูลดิบ!I3:I62)<2,"",VAR(ข้อมูลดิบ!I3:I62))
C12: 9 | D12: =IF(COUNT(ข้อมูลดิบ!J3:J62)<2,"",VAR(ข้อมูลดิบ!J3:J62))
C13: 10 | D13: =IF(COUNT(ข้อมูลดิบ!K3:K62)<2,"",VAR(ข้อมูลดิบ!K3:K62))
C14: 11 | D14: =IF(COUNT(ข้อมูลดิบ!L3:L62)<2,"",VAR(ข้อมูลดิบ!L3:L62))
C15: 12 | D15: =IF(COUNT(ข้อมูลดิบ!M3:M62)<2,"",VAR(ข้อมูลดิบ!M3:M62))
C16: 13 | D16: =IF(COUNT(ข้อมูลดิบ!N3:N62)<2,"",VAR(ข้อมูลดิบ!N3:N62))
C17: 14 | D17: =IF(COUNT(ข้อมูลดิบ!O3:O62)<2,"",VAR(ข้อมูลดิบ!O3:O62))
C18: 15 | D18: =IF(COUNT(ข้อมูลดิบ!P3:P62)<2,"",VAR(ข้อมูลดิบ!P3:P62))
C19: 16 | D19: =IF(COUNT(ข้อมูลดิบ!Q3:Q62)<2,"",VAR(ข้อมูลดิบ!Q3:Q62))
B21: k = จำนวนข้อคำถาม | D21: =COUNT(D4:D19)
B22: ผลรวมความแปรปรวนรายข้อ | D22: =IF(COUNT(D4:D19)=0,"",SUM(D4:D19))
B23: ความแปรปรวนของคะแนนรวม | D23: =IF(COUNT(ข้อมูลดิบ!R3:R62)<2,"",VAR(ข้อมูลดิบ!R3:R62))
B25: Cronbach's Alpha | D25: =IF(OR(D21="",D22="",D23="",D21<2,D23=0),"",(D21/(D21-1))*(1-D22/D23)) | E25: =IF(D25="","",IF(D25>=0.9,"ดีมาก",IF(D25>=0.8,"ดี",IF(D25>=0.7,"ยอมรับได้","ต่ำกว่าเกณฑ์"))))
B27: สูตร: alpha = (k / (k-1)) x (1 - ผลรวมความแปรปรวนรายข้อ / ความแปรปรวนของคะแนนรวม)
B28: เกณฑ์: 0.70 ขึ้นไป = ยอมรับได้ | 0.80 ขึ้นไป = ดี | 0.90 ขึ้นไป = ดีมาก
B29: หมายเหตุ: ใช้ VAR (ความแปรปรวนของกลุ่มตัวอย่าง) ทั้งรายข้อและคะแนนรวม ตามที่นิยมใช้ในงานวิจัยทางการศึกษา
B30: ถ้าค่าที่ได้ต่ำกว่า 0.70 ให้รายงานตามจริงพร้อมอภิปรายสาเหตุ ห้ามปรับตัวเลข

Sheet IOC
A1: ตารางที่ 4.x ผลการวิเคราะห์ค่าดัชนีความสอดคล้อง (IOC) ของแบบสอบถาม
A2: ข้อที่ | B2: ข้อคำถาม | C2: ผู้เชี่ยวชาญ 1 | D2: ผู้เชี่ยวชาญ 2 | E2: ผู้เชี่ยวชาญ 3 | F2: ผลรวม | G2: IOC | H2: ผลการพิจารณา
A3: 1 | B3: ระบบตอบคำถามเกี่ยวกับหลักสูตรได้ตรงกับสิ่งที่ท่านถาม | F3: =IF(COUNT(C3:E3)=0,"",SUM(C3:E3)) | G3: =IF(COUNT(C3:E3)=0,"",AVERAGE(C3:E3)) | H3: =IF(G3="","",IF(G3>=0.5,"ผ่านเกณฑ์","ต้องปรับปรุง"))
A4: 2 | B4: ข้อมูลที่ระบบตอบมีความถูกต้องและน่าเชื่อถือ | F4: =IF(COUNT(C4:E4)=0,"",SUM(C4:E4)) | G4: =IF(COUNT(C4:E4)=0,"",AVERAGE(C4:E4)) | H4: =IF(G4="","",IF(G4>=0.5,"ผ่านเกณฑ์","ต้องปรับปรุง"))
A5: 3 | B5: ระบบแสดงที่มาของคำตอบ (ชื่อเอกสารและเลขหน้า) ทำให้มั่นใจในข้อมูลมากขึ้น | F5: =IF(COUNT(C5:E5)=0,"",SUM(C5:E5)) | G5: =IF(COUNT(C5:E5)=0,"",AVERAGE(C5:E5)) | H5: =IF(G5="","",IF(G5>=0.5,"ผ่านเกณฑ์","ต้องปรับปรุง"))
A6: 4 | B6: ระบบสนทนาต่อเนื่องได้ โดยจดจำเรื่องที่สนทนาก่อนหน้า | F6: =IF(COUNT(C6:E6)=0,"",SUM(C6:E6)) | G6: =IF(COUNT(C6:E6)=0,"",AVERAGE(C6:E6)) | H6: =IF(G6="","",IF(G6>=0.5,"ผ่านเกณฑ์","ต้องปรับปรุง"))
A7: 5 | B7: ผลการแนะนำสาขาสอดคล้องกับความสนใจและความถนัดที่ระบุ | F7: =IF(COUNT(C7:E7)=0,"",SUM(C7:E7)) | G7: =IF(COUNT(C7:E7)=0,"",AVERAGE(C7:E7)) | H7: =IF(G7="","",IF(G7>=0.5,"ผ่านเกณฑ์","ต้องปรับปรุง"))
A8: 6 | B8: ฟังก์ชันเปรียบเทียบสาขาช่วยให้เห็นความแตกต่างได้ชัดเจน | F8: =IF(COUNT(C8:E8)=0,"",SUM(C8:E8)) | G8: =IF(COUNT(C8:E8)=0,"",AVERAGE(C8:E8)) | H8: =IF(G8="","",IF(G8>=0.5,"ผ่านเกณฑ์","ต้องปรับปรุง"))
A9: 7 | B9: หน้าจอของระบบใช้งานง่าย ไม่ซับซ้อน | F9: =IF(COUNT(C9:E9)=0,"",SUM(C9:E9)) | G9: =IF(COUNT(C9:E9)=0,"",AVERAGE(C9:E9)) | H9: =IF(G9="","",IF(G9>=0.5,"ผ่านเกณฑ์","ต้องปรับปรุง"))
A10: 8 | B10: การจัดวางเมนูและปุ่มเข้าใจง่าย หาสิ่งที่ต้องการได้รวดเร็ว | F10: =IF(COUNT(C10:E10)=0,"",SUM(C10:E10)) | G10: =IF(COUNT(C10:E10)=0,"",AVERAGE(C10:E10)) | H10: =IF(G10="","",IF(G10>=0.5,"ผ่านเกณฑ์","ต้องปรับปรุง"))
A11: 9 | B11: ขนาดตัวอักษร สี และภาพประกอบ อ่านง่ายและสบายตา | F11: =IF(COUNT(C11:E11)=0,"",SUM(C11:E11)) | G11: =IF(COUNT(C11:E11)=0,"",AVERAGE(C11:E11)) | H11: =IF(G11="","",IF(G11>=0.5,"ผ่านเกณฑ์","ต้องปรับปรุง"))
A12: 10 | B12: ระบบตอบสนองรวดเร็ว ไม่ต้องรอนาน | F12: =IF(COUNT(C12:E12)=0,"",SUM(C12:E12)) | G12: =IF(COUNT(C12:E12)=0,"",AVERAGE(C12:E12)) | H12: =IF(G12="","",IF(G12>=0.5,"ผ่านเกณฑ์","ต้องปรับปรุง"))
A13: 11 | B13: ใช้งานระบบได้ด้วยตนเองโดยไม่ต้องมีผู้แนะนำ | F13: =IF(COUNT(C13:E13)=0,"",SUM(C13:E13)) | G13: =IF(COUNT(C13:E13)=0,"",AVERAGE(C13:E13)) | H13: =IF(G13="","",IF(G13>=0.5,"ผ่านเกณฑ์","ต้องปรับปรุง"))
A14: 12 | B14: เข้าถึงข้อมูลหลักสูตรได้สะดวกกว่าการค้นหาด้วยวิธีเดิม | F14: =IF(COUNT(C14:E14)=0,"",SUM(C14:E14)) | G14: =IF(COUNT(C14:E14)=0,"",AVERAGE(C14:E14)) | H14: =IF(G14="","",IF(G14>=0.5,"ผ่านเกณฑ์","ต้องปรับปรุง"))
... A18: 16 | B18: โดยภาพรวม พึงพอใจต่อระบบ SCI Advisor | F18: =IF(COUNT(C18:E18)=0,"",SUM(C18:E18)) | G18: =IF(COUNT(C18:E18)=0,"",AVERAGE(C18:E18)) | H18: =IF(G18="","",IF(G18>=0.5,"ผ่านเกณฑ์","ต้องปรับปรุง"))
B19: ค่าเฉลี่ยรวม | G19: =IF(COUNT(G3:G18)=0,"",AVERAGE(G3:G18))
B20: ค่าต่ำสุด | G20: =IF(COUNT(G3:G18)=0,"",MIN(G3:G18))
B21: ค่าสูงสุด | G21: =IF(COUNT(G3:G18)=0,"",MAX(G3:G18))
B23: กรอกคะแนน +1 / 0 / -1 ในช่องพื้นสีเหลือง · เกณฑ์ผ่านคือ IOC ตั้งแต่ 0.50 ขึ้นไป
